{
  "response_time_ms": 15.281438827514648,
  "max_allowed_ms": 2000,
  "distance_calculated_km": 490.8053652969214,
  "performance_acceptable": true
}