{
  "response_time_ms": 75.32572746276855,
  "max_allowed_ms": 2000,
  "distance_calculated_km": 490.8053652969214,
  "performance_acceptable": true
}