{
  "response_time_ms": 163.6500358581543,
  "max_allowed_ms": 2000,
  "distance_calculated_km": 490.8053652969214,
  "performance_acceptable": true
}
