{
  "response_time_ms": 15.763998031616211,
  "max_allowed_ms": 2000,
  "distance_calculated_km": 490.8053652969214,
  "performance_acceptable": true
}